First_Name,Last_Name,User_Name,Password
Veronica,Mcdonald,veronica.mcdonald@gmail.com,gaMJHyMt
Jaylene,Blanchard,jaylene.blanchard@microsoft.com,AemLAc9U
Bobby,Lynn,bobby.lynn@yahoo.com,jJ.Nm14i
Ryan,Levine,ryan.levine@msn.com,DW7dPQNN
Shaylee,Fletcher,shaylee.fletcher@yahoo.com,1znvuGQ1
Noelle,Keith,noelle.keith@gmail.com,yUqX-Fkq
Zane,Wilkerson,zane.wilkerson@yahoo.com,9J518_em
Briana,Giles,briana.giles@microsoft.com,XKozpkQD
Boston,Lester,boston.lester@yahoo.com,tqvPP-Zz
Nolan,Benson,nolan.benson@yahoo.com,yMQXgfFx
Rodney,Calhoun,rodney.calhoun@msn.com,okv2Q2l0
Maverick,Murray,maverick.murray@msn.com,qV5h6G1.
Kamryn,Figueroa,kamryn.figueroa@gmail.com,M8MCCkBV
Akira,Salas,akira.salas@microsoft.com,jyCToCBe
Avah,Hood,avah.hood@microsoft.com,bon3319I
Reynaldo,Jones,reynaldo.jones@yahoo.com,y1bA7ZtF
Kali,Burch,kali.burch@microsoft.com,NLRhKOcV
Carsen,Potter,carsen.potter@msn.com,s54mkI6c
Jenny,Buchanan,jenny.buchanan@msn.com,znXC8XI7
Franco,Campos,franco.campos@yahoo.com,lbayOMZH
Kason,Robinson,kason.robinson@yahoo.com,-FiODrrg
Jon,Miller,jon.miller@yahoo.com,9l_oEI5V
Valerie,Curtis,valerie.curtis@msn.com,rEU-o_xc
Silas,Becker,silas.becker@yahoo.com,bwSRFQAI
Gaven,Yang,gaven.yang@yahoo.com,LD1AoBr3
Alani,Mcdowell,alani.mcdowell@gmail.com,djaoLpXP
Kaitlynn,Buck,kaitlynn.buck@yahoo.com,2GfWdQi_
Peter,Roman,peter.roman@gmail.com,oNwHZNAH
Aubrey,Archer,aubrey.archer@yahoo.com,1Hohh5KY
Amiyah,Bush,amiyah.bush@yahoo.com,LKxRF9vn
Yusuf,Peters,yusuf.peters@yahoo.com,IpDqNUG-
Kaden,Willis,kaden.willis@microsoft.com,9SvTh_8T
Austin,Obrien,austin.obrien@gmail.com,w.TdGHrw
Solomon,Reed,solomon.reed@microsoft.com,CEjHiE1Q
Kylee,Grimes,kylee.grimes@microsoft.com,.xZ.Gybi
Jesse,Calderon,jesse.calderon@gmail.com,BvXfdNk4
Manuel,Ponce,manuel.ponce@yahoo.com,T.P9jURi
Deanna,Berger,deanna.berger@gmail.com,QIhodmxb
Paige,Page,paige.page@microsoft.com,lEbvPPVn
Rhett,Fleming,rhett.fleming@yahoo.com,aii13D5_
Jamya,Bass,jamya.bass@msn.com,cAlvYrJe
Harry,Cantrell,harry.cantrell@msn.com,P4sLFmym
Deja,Gaines,deja.gaines@msn.com,wx3rgbdy
Greta,Bradford,greta.bradford@microsoft.com,d9FxL4bn
Wendy,Luna,wendy.luna@yahoo.com,OMD15_aP
Theodore,Singleton,theodore.singleton@msn.com,3lRKsLAs
Ava,Shaw,ava.shaw@msn.com,QrEXaAMi
Isabel,Montes,isabel.montes@gmail.com,5sdtRM4N
Krystal,Mercer,krystal.mercer@yahoo.com,RLzLzxgk
Kendra,Hogan,kendra.hogan@microsoft.com,6Mj0QOwj
Makayla,Drake,makayla.drake@msn.com,S1Q70tXZ
Miracle,Mullins,miracle.mullins@gmail.com,qlwHSAhA
Cason,Lowe,cason.lowe@yahoo.com,uacsrjfA
Alfredo,Rodgers,alfredo.rodgers@yahoo.com,2N79njmI
Bruce,Cooley,bruce.cooley@yahoo.com,._zPFsT7
Bethany,Malone,bethany.malone@msn.com,Z6hViEX.
Chace,Michael,chace.michael@yahoo.com,EaTf0kv.
Aiden,Hebert,aiden.hebert@microsoft.com,yFFHbEjk
Carolyn,Henson,carolyn.henson@yahoo.com,1MEzjp1R
Zavier,Lewis,zavier.lewis@gmail.com,VZAKZxCc
Meadow,Atkins,meadow.atkins@microsoft.com,pkJ8Twne
Jonathan,Reeves,jonathan.reeves@msn.com,o1C92LN3
Jace,Short,jace.short@gmail.com,rfMkvRKe
Anne,Phillips,anne.phillips@yahoo.com,wIq7YCQm
Kale,Lang,kale.lang@msn.com,7TnUaaj6
Andy,Logan,andy.logan@yahoo.com,PDiFNEXD
Griffin,Lindsey,griffin.lindsey@microsoft.com,bz1-YoIi
Mila,Ruiz,mila.ruiz@microsoft.com,.lT.uvUo
Jazlynn,Webb,jazlynn.webb@yahoo.com,1luTCQIF
Taniya,Santiago,taniya.santiago@gmail.com,DUGT._e3
Esther,Hensley,esther.hensley@gmail.com,M2iUl99-
Mathew,Little,mathew.little@microsoft.com,3EOi8g0Z
Clare,Brewer,clare.brewer@yahoo.com,WCjdqECP
Harley,Mccarthy,harley.mccarthy@gmail.com,Qk3U1o5c
Quinten,Villa,quinten.villa@yahoo.com,O-EiUXPV
Aryana,Cowan,aryana.cowan@gmail.com,UBiM1hTq
Carina,Mora,carina.mora@gmail.com,O_Gw05Ja
Zara,Norman,zara.norman@yahoo.com,iwXTv_IV
Mariam,Finley,mariam.finley@msn.com,3ZkhT6_L
Dawson,Zhang,dawson.zhang@microsoft.com,6sRvsmyx
Selina,Boone,selina.boone@yahoo.com,b._gChhA
Francesca,Hays,francesca.hays@microsoft.com,kEAi4dfn
Maddox,Dominguez,maddox.dominguez@msn.com,s3AbGa8a
Nehemiah,Hurst,nehemiah.hurst@yahoo.com,Q.7813vZ
Lainey,Perry,lainey.perry@msn.com,VQHd7Lqg
Mckenna,Pineda,mckenna.pineda@yahoo.com,HB55leHO
Damarion,Schroeder,damarion.schroeder@yahoo.com,9YSLoFZI
Abril,Larson,abril.larson@yahoo.com,e71Yw2.H
Barbara,Pollard,barbara.pollard@yahoo.com,9T1nW2HV
Keon,Barron,keon.barron@msn.com,ZmW1vFBb
Haleigh,Walter,haleigh.walter@gmail.com,xtfI-PVG
Joe,Espinoza,joe.espinoza@msn.com,fRjP.r8Z
Neil,Hall,neil.hall@gmail.com,NYhOATAA
Cade,Harmon,cade.harmon@msn.com,q92zWXr-
Emilee,Arnold,emilee.arnold@microsoft.com,6ep62hIq
Brooks,Fox,brooks.fox@yahoo.com,Z1yy0OPp
Aileen,Dawson,aileen.dawson@yahoo.com,Wa7n-_6v
Bella,Mcfarland,bella.mcfarland@msn.com,G84pt1yJ
Jewel,Downs,jewel.downs@yahoo.com,kkc1bb4T
Liberty,Richmond,liberty.richmond@microsoft.com,Bcub3CB2
Salvador,Mathis,salvador.mathis@gmail.com,75uU_cB5
Brennan,Ross,brennan.ross@microsoft.com,P9cchlPt
Shirley,Mata,shirley.mata@gmail.com,LTYkiwHV
Clinton,Brady,clinton.brady@gmail.com,RJ2376vA
Quinton,Browning,quinton.browning@yahoo.com,tTptL4z8
Charles,Parsons,charles.parsons@microsoft.com,vcvXqN4H
Naomi,Abbott,naomi.abbott@microsoft.com,1CLSvEkE
Maximo,Mcclain,maximo.mcclain@yahoo.com,_aag9P7A
Will,Lozano,will.lozano@yahoo.com,NUsBfD4j
Jorge,Kirby,jorge.kirby@microsoft.com,gBs5sRp3
Grayson,Patrick,grayson.patrick@msn.com,CzniaDs8
Janelle,Marquez,janelle.marquez@gmail.com,.QFpf8q1
Shannon,Cannon,shannon.cannon@gmail.com,0WAnD02V
Jagger,Munoz,jagger.munoz@msn.com,aNoKfJV6
Paris,Whitehead,paris.whitehead@yahoo.com,XkxiJ0On
Christina,Odonnell,christina.odonnell@msn.com,AKzg6z4U
Edgar,Raymond,edgar.raymond@yahoo.com,Ru6nldDr
Brianna,Cobb,brianna.cobb@yahoo.com,IGIe654G
Keenan,Maldonado,keenan.maldonado@microsoft.com,hsjRpnIH
Adrian,Newton,adrian.newton@yahoo.com,JE.SuyC1
Addison,Watkins,addison.watkins@microsoft.com,vZM2wQzT
Ben,Spencer,ben.spencer@yahoo.com,3kWomYnm
Fabian,Odom,fabian.odom@msn.com,YTS2hR5-
Maryjane,Knight,maryjane.knight@gmail.com,n3QZfS1Y
Nola,Mccormick,nola.mccormick@msn.com,fH8I3t99
Nathen,Fischer,nathen.fischer@yahoo.com,IKKGLR3N
Yesenia,Hubbard,yesenia.hubbard@msn.com,k8iYFQh7
Donavan,Davila,donavan.davila@yahoo.com,U3pM6oz6
Darren,Duffy,darren.duffy@gmail.com,NEezZPyf
Thomas,Potts,thomas.potts@gmail.com,N6zf.MDy
Cornelius,Wright,cornelius.wright@gmail.com,T8X8Xcxx
Roland,Bauer,roland.bauer@gmail.com,Ymf2JvYy
Alaina,Fuentes,alaina.fuentes@yahoo.com,ro9fx7YU
Sylvia,Christensen,sylvia.christensen@msn.com,-n7RyVyi
Gina,Lyons,gina.lyons@microsoft.com,OgFdeoBB
Addisyn,Turner,addisyn.turner@microsoft.com,8sjPwoRt
Malachi,Vaughan,malachi.vaughan@msn.com,TNdfiAin
Lina,Sweeney,lina.sweeney@yahoo.com,.aLCsrkC
Marlon,Bowman,marlon.bowman@yahoo.com,9qWW-qSM
Raven,Rios,raven.rios@msn.com,ALd..vfW
Dwayne,Whitaker,dwayne.whitaker@yahoo.com,zCQDkFGs
Mikayla,Lambert,mikayla.lambert@gmail.com,43a8xJ-D
Parker,Lam,parker.lam@yahoo.com,TNj8U.PJ
Carley,Clay,carley.clay@msn.com,Pv2.DT_W
Kaylin,Frost,kaylin.frost@gmail.com,adM-x7xF
Aurora,Garner,aurora.garner@yahoo.com,sHCfMZaZ
Miley,Jacobs,miley.jacobs@yahoo.com,e33aPa_M
Alejandra,Gibbs,alejandra.gibbs@msn.com,cXWF6hic
Alondra,Ware,alondra.ware@msn.com,QatVqyrD
Jovani,Baird,jovani.baird@yahoo.com,6puxVHtf
Damon,Beasley,damon.beasley@msn.com,CNTy0m7.
Amelia,House,amelia.house@microsoft.com,5sy1TYkz
Sydnee,Hansen,sydnee.hansen@yahoo.com,6bYwS5S7
Madeleine,Bates,madeleine.bates@msn.com,S.OVojMF
Pamela,Bird,pamela.bird@yahoo.com,6z2hQ8mg
Jesus,Fitzgerald,jesus.fitzgerald@msn.com,32o7y3wr
Helen,Barton,helen.barton@yahoo.com,Cqo_setD
Blaine,Sexton,blaine.sexton@gmail.com,-nInDtUa
Jacquelyn,Braun,jacquelyn.braun@yahoo.com,S1bqjPUg
Houston,Kim,houston.kim@microsoft.com,Ah1xduAJ
Kaley,Cain,kaley.cain@msn.com,-ijlX6-X
Emilie,Greer,emilie.greer@gmail.com,Sg.HlDlI
Aditya,Price,aditya.price@gmail.com,9I3nIuDo
Clarence,Massey,clarence.massey@msn.com,U87HE-5b
Kendall,Gross,kendall.gross@msn.com,l-8xWZX6
Emilio,Franco,emilio.franco@gmail.com,T2.iK42r
Skyla,Douglas,skyla.douglas@microsoft.com,effYDzNY
Alina,Burton,alina.burton@microsoft.com,7jk8aYiz
Deangelo,Cordova,deangelo.cordova@microsoft.com,meBpaxo2
Davis,Francis,davis.francis@msn.com,t0nJNRsP
Joanna,Fields,joanna.fields@yahoo.com,QpCGsf0Q
Natalia,Moore,natalia.moore@gmail.com,a4oGw2N0
Tucker,Stevenson,tucker.stevenson@gmail.com,lQisAAj7
Karla,Moran,karla.moran@msn.com,wd.qEq4i
Bruno,Barajas,bruno.barajas@microsoft.com,4XPDns-R
Norah,Scott,norah.scott@microsoft.com,npZ4._G-
Oswaldo,Brandt,oswaldo.brandt@gmail.com,o.gQQ8uN
Kyan,Conrad,kyan.conrad@microsoft.com,NBjfui24
Amina,Floyd,amina.floyd@microsoft.com,c2DxYuKV
Luciano,Hines,luciano.hines@yahoo.com,woYEsls5
Marilyn,Rivers,marilyn.rivers@microsoft.com,uAVF7mro
Jerome,Ortega,jerome.ortega@microsoft.com,kxgvhzVu
Mallory,Wiley,mallory.wiley@msn.com,NXqJVf_U
Hailie,Randolph,hailie.randolph@microsoft.com,N9MvqLJg
Reyna,Phelps,reyna.phelps@gmail.com,ACyYKNER
Armani,Yoder,armani.yoder@gmail.com,w82l3nu.
Gustavo,Nguyen,gustavo.nguyen@gmail.com,YzC_1Ijl
Brayden,Cochran,brayden.cochran@gmail.com,-ucZp5ek
Harley,Boyle,harley.boyle@msn.com,M1NBDvRw
Maya,Boyd,maya.boyd@msn.com,szcqB5ad
Amanda,Ingram,amanda.ingram@gmail.com,TH1yOlg-
Tatiana,Cook,tatiana.cook@microsoft.com,Tkk_gJzW
Frank,Henry,frank.henry@microsoft.com,6qb5DWKM
Pierce,Howard,pierce.howard@msn.com,5MfYWM4I
Raquel,Prince,raquel.prince@yahoo.com,DLAK_oGF
Justice,Camacho,justice.camacho@gmail.com,Z-z3obFc
Calvin,Russell,calvin.russell@gmail.com,Fk_wu.9f
Adan,Shepherd,adan.shepherd@yahoo.com,lBVPYkwL
Urijah,Rollins,urijah.rollins@yahoo.com,XDfhZRvy
Casey,Black,casey.black@gmail.com,hscGHKcs
Margaret,Patton,margaret.patton@microsoft.com,92fI9ez5
Alec,Wise,alec.wise@yahoo.com,4JCevps6
Reid,Kelley,reid.kelley@msn.com,ap2V1_4m
Lilian,Herman,lilian.herman@microsoft.com,R8P18QkQ
Uriel,Zamora,uriel.zamora@msn.com,NuEYhZM6
Katelyn,Ferrell,katelyn.ferrell@msn.com,Lo1Zr38z
Anton,Burnett,anton.burnett@microsoft.com,5RADnXx3
Sierra,Armstrong,sierra.armstrong@gmail.com,CvwwIhx6
Sebastian,Delgado,sebastian.delgado@yahoo.com,fA8XRVCt
Regina,Ritter,regina.ritter@msn.com,YKiOzKCZ
Mireya,Peterson,mireya.peterson@gmail.com,QOVRCff9
Lana,Moon,lana.moon@yahoo.com,kKNLvlan
Ashanti,Aguirre,ashanti.aguirre@msn.com,bvw9ZA8v
Ricardo,Maynard,ricardo.maynard@gmail.com,JPwopTcd
London,Welch,london.welch@gmail.com,ZpL9dDLP
Liliana,Trujillo,liliana.trujillo@microsoft.com,R8POJxFp
Wayne,Mcknight,wayne.mcknight@microsoft.com,gAZY6dZX
Jensen,Wood,jensen.wood@microsoft.com,ZyVC7t5j
Jacoby,Barrera,jacoby.barrera@gmail.com,sPc6RNUQ
Trevor,Mccann,trevor.mccann@msn.com,0xNc4Iaj
Ibrahim,Villanueva,ibrahim.villanueva@yahoo.com,_2m8xYB0
Lillie,Leonard,lillie.leonard@microsoft.com,pZ7Fowdk
Simeon,Delacruz,simeon.delacruz@gmail.com,o4.2Q-ct
Ramon,Meyer,ramon.meyer@microsoft.com,BwYPS8rp
Claire,Miranda,claire.miranda@yahoo.com,LjvwCkFZ
Melina,Hardy,melina.hardy@microsoft.com,3bKHHf2-
Leilani,Tanner,leilani.tanner@gmail.com,W-a_ZtrR
Teresa,Davis,teresa.davis@yahoo.com,eWGOq5-r
Misael,Collins,misael.collins@msn.com,20tM8.oZ
Camryn,Velazquez,camryn.velazquez@microsoft.com,JK_nwJPs
Rudy,Solis,rudy.solis@microsoft.com,4nzaY1nQ
Susan,Morrow,susan.morrow@yahoo.com,JhAwb3k_
Ali,Fitzpatrick,ali.fitzpatrick@microsoft.com,TQ1Ug5eX
Parker,Costa,parker.costa@gmail.com,NrGZlZ6e
Warren,Kirk,warren.kirk@gmail.com,VnexUTrn
Abel,Crosby,abel.crosby@gmail.com,b49FK.MY
Tamara,Brooks,tamara.brooks@msn.com,rVp13rga
Joseph,Schwartz,joseph.schwartz@microsoft.com,UYa-ttKz
Kaydence,Petersen,kaydence.petersen@yahoo.com,Yjq4YrT5
Alonso,Casey,alonso.casey@msn.com,jv9XtpMz
Ryder,Elliott,ryder.elliott@gmail.com,lpmIxHc4
Layla,Mccoy,layla.mccoy@yahoo.com,gsEwY6AT
Ellie,Cantu,ellie.cantu@gmail.com,ZiFswW9-
Karina,Tran,karina.tran@gmail.com,vgSeSJjs
Katherine,Glenn,katherine.glenn@msn.com,6j.Jz73c
Johan,Middleton,johan.middleton@microsoft.com,wu0HSlDb
Jayden,Perkins,jayden.perkins@gmail.com,HrMFdwwp
Jaydan,Mccall,jaydan.mccall@microsoft.com,xH7Bge4E
Demarion,Carroll,demarion.carroll@gmail.com,qnuU6Ouo
Sonny,Bullock,sonny.bullock@yahoo.com,reU9Vb_2
Mateo,Vincent,mateo.vincent@microsoft.com,ksz8QLSl
Diego,Bautista,diego.bautista@gmail.com,N30l_bnr
Holly,Oneal,holly.oneal@msn.com,UMRSJiYi
Brogan,Stanton,brogan.stanton@msn.com,h-ELkykM
Sofia,Donovan,sofia.donovan@gmail.com,ac0RJ6Hb
Jimmy,Harrington,jimmy.harrington@msn.com,D1CB_VPt
Rey,Tate,rey.tate@msn.com,bUl.Jll3
Tristin,Glass,tristin.glass@microsoft.com,Jtsyq-Hw
Yadira,Gutierrez,yadira.gutierrez@msn.com,UR4iOOs6
Terry,Nixon,terry.nixon@microsoft.com,eXkwiE-H
Kiley,Wagner,kiley.wagner@yahoo.com,C7-.Xi6s
Brody,Mckee,brody.mckee@microsoft.com,mQur6Bu.
Regan,Wyatt,regan.wyatt@msn.com,0X8PS9sT
Rayan,Vasquez,rayan.vasquez@msn.com,j29pYyFe
Desmond,Shea,desmond.shea@yahoo.com,EFUnUsDk
Beckett,Gilbert,beckett.gilbert@msn.com,ceV1ywC8
Allen,Perez,allen.perez@yahoo.com,Y1-Vv3Ll
Sam,Valencia,sam.valencia@microsoft.com,w3SRNVnr
Vaughn,Sellers,vaughn.sellers@msn.com,vF0B.4Fp
Jordyn,Brennan,jordyn.brennan@gmail.com,fShggQYW
Uriah,Bond,uriah.bond@microsoft.com,oGWUksG0
Rohan,Foley,rohan.foley@msn.com,Sy-XK2Ef
Imani,Conway,imani.conway@msn.com,cYTYJX5D
Santino,Dudley,santino.dudley@msn.com,sidq5B6-
Isaac,Cisneros,isaac.cisneros@microsoft.com,4yYXiOWg
Jalen,Parker,jalen.parker@microsoft.com,.6C4NWOe
Jovany,Wilkinson,jovany.wilkinson@gmail.com,vKN829QK
Drake,Gibson,drake.gibson@msn.com,Vt9lHH9i
Nasir,Bean,nasir.bean@msn.com,rOvu5OB3
Blake,Graham,blake.graham@microsoft.com,ej9u5FHv
Maxim,Escobar,maxim.escobar@yahoo.com,KLX3TKmq
Marie,Castillo,marie.castillo@microsoft.com,G5ky7V1q
Joslyn,Hancock,joslyn.hancock@msn.com,A1A-xpvv
Callie,Mckinney,callie.mckinney@gmail.com,5febB-xB
Olive,Huff,olive.huff@yahoo.com,m22PdDOC
Clara,Clarke,clara.clarke@microsoft.com,ycoovxk0
Felix,Anderson,felix.anderson@gmail.com,btCsTq.G
Danica,Decker,danica.decker@yahoo.com,72zg2l6F
Lola,Kent,lola.kent@yahoo.com,9yhZNhSe
Kenley,Greene,kenley.greene@microsoft.com,L8jscLIc
Roberto,Silva,roberto.silva@gmail.com,jRZeeBEY
Kaitlyn,Andersen,kaitlyn.andersen@yahoo.com,TqjLAL8z
Adolfo,Castaneda,adolfo.castaneda@gmail.com,-w3hiI39
Sheldon,Roach,sheldon.roach@yahoo.com,iAmypT4U
Erin,Clements,erin.clements@microsoft.com,e5ySlNuj
Giovanna,Ball,giovanna.ball@gmail.com,rJLuIBRQ
Kylan,Estes,kylan.estes@msn.com,_F5DWMYh
Tessa,Haley,tessa.haley@yahoo.com,.VCDL.OX
Kingston,Wu,kingston.wu@yahoo.com,0hYfcUUc
Naima,Nunez,naima.nunez@gmail.com,Q15T567p
Keyon,Freeman,keyon.freeman@yahoo.com,vDNfOlSh
Saniyah,Leblanc,saniyah.leblanc@msn.com,kx-RFAVU
Freddy,Sawyer,freddy.sawyer@gmail.com,ZO-kBLWj
Cruz,Griffin,cruz.griffin@gmail.com,apEIOtQF
Ryann,Davidson,ryann.davidson@gmail.com,8kxgkO3p
Adonis,Charles,adonis.charles@yahoo.com,lsPG-Cwj
Zoey,Mercado,zoey.mercado@yahoo.com,8kev1s1.
Faith,Palmer,faith.palmer@msn.com,s-K1wICw
Nelson,Sparks,nelson.sparks@msn.com,rl7C6SWN
Kimora,Contreras,kimora.contreras@gmail.com,ErjdtIpJ
Aydin,Ho,aydin.ho@gmail.com,Liqf5tNw
Giana,Rich,giana.rich@msn.com,s-rAfoV6
Halle,Rivas,halle.rivas@msn.com,IWsij4PA
Conor,Wells,conor.wells@msn.com,ob9xkSEC
Jaylee,Mcbride,jaylee.mcbride@microsoft.com,7akEK1yF
Koen,Burns,koen.burns@gmail.com,_7BEaCa1
Kyler,Sims,kyler.sims@msn.com,Xdx4hiXk
Jeremy,Gould,jeremy.gould@microsoft.com,2AHVNdJz
Jamiya,Owen,jamiya.owen@microsoft.com,M2FjQOD1
Ashlee,Buckley,ashlee.buckley@microsoft.com,-dSLsMyO
Victor,Wang,victor.wang@gmail.com,v2HnU7oQ
Trevin,Harrell,trevin.harrell@yahoo.com,l939Fq_E
Helena,Norton,helena.norton@microsoft.com,1DlKScAX
Christopher,Lowery,christopher.lowery@microsoft.com,DhAkC2eC
Finnegan,Frederick,finnegan.frederick@gmail.com,tFhddaTw
Jaiden,Rhodes,jaiden.rhodes@yahoo.com,wVuD-T70
Rachael,Ibarra,rachael.ibarra@msn.com,ZpkewxDc
Jimena,Walton,jimena.walton@msn.com,RlLxtK1F
Aimee,Guerra,aimee.guerra@yahoo.com,pyp8y3Lz
Jakobe,Mason,jakobe.mason@gmail.com,CDpm.ir1
Jonah,Serrano,jonah.serrano@yahoo.com,-Zu-RWKJ
Dillon,Spears,dillon.spears@msn.com,oMmHI1Yr
Blaze,Sloan,blaze.sloan@gmail.com,f.sKjjOu
Theresa,Ford,theresa.ford@yahoo.com,y756bb4E
Bo,Oliver,bo.oliver@microsoft.com,l3exHe1U
Baron,Mack,baron.mack@msn.com,xErqKNML
Adriana,Newman,adriana.newman@msn.com,ZGA0PEGL
Cory,Sheppard,cory.sheppard@yahoo.com,KKoI.79m
Mercedes,Wallace,mercedes.wallace@microsoft.com,uwC-Mqfh
Zayden,Edwards,zayden.edwards@microsoft.com,LemsEThr
Brock,Hurley,brock.hurley@msn.com,Dg6AxAEl
Adison,Heath,adison.heath@yahoo.com,JGXhhbiU
Marissa,Kramer,marissa.kramer@gmail.com,OmTRz2Wm
Omar,Tyler,omar.tyler@gmail.com,ECZt935Y
Gretchen,Novak,gretchen.novak@gmail.com,Kg6g3CAc
Leonardo,Gillespie,leonardo.gillespie@microsoft.com,onJ5oPWo
Meghan,Allen,meghan.allen@microsoft.com,eJaybTjM
Milagros,Adams,milagros.adams@gmail.com,cqs0tv2Y
Emerson,Pham,emerson.pham@gmail.com,5H7SDMKC
Zack,Blake,zack.blake@gmail.com,yYU3UN3w
Joshua,Stokes,joshua.stokes@yahoo.com,hfVTn.wL
Azaria,Mayer,azaria.mayer@gmail.com,hIHl.kof
Rayna,Cross,rayna.cross@gmail.com,WrO-SwjZ
Alyssa,Pratt,alyssa.pratt@yahoo.com,Fjqd_FFt
Leslie,Meyers,leslie.meyers@microsoft.com,Hdso6fcc
Brittany,Long,brittany.long@msn.com,qw12WkNf
Delilah,Rojas,delilah.rojas@microsoft.com,V6-kjfPn
Lillianna,Wolf,lillianna.wolf@yahoo.com,MuBJnST3
Adriel,Pace,adriel.pace@microsoft.com,QKy4LBiU
Jordon,Pena,jordon.pena@yahoo.com,oj4vLhVF
Livia,Maddox,livia.maddox@gmail.com,K-AX-zQQ
Haylie,Koch,haylie.koch@yahoo.com,VRVIIKwW
Melvin,Donaldson,melvin.donaldson@microsoft.com,9erhfCn5
Karli,Glover,karli.glover@msn.com,bRARvGqp
Marely,Cooper,marely.cooper@yahoo.com,_nCye3IG
Amy,Lee,amy.lee@microsoft.com,_QUcOwJj
Braelyn,Houston,braelyn.houston@yahoo.com,jtn4cvOg
Mia,Andrade,mia.andrade@yahoo.com,7pVqMg7K
Kayden,Howell,kayden.howell@yahoo.com,sGVWfqfY
Isabella,Mann,isabella.mann@gmail.com,T5XSWSMe
Byron,Hull,byron.hull@msn.com,lU5315R9
Gracie,Yu,gracie.yu@msn.com,nDxnaFh7
Devin,Cline,devin.cline@microsoft.com,hhksIQmc
Ada,Farrell,ada.farrell@microsoft.com,bRNnniTu
Alexis,Shannon,alexis.shannon@microsoft.com,HXuljYJO
Harold,Acosta,harold.acosta@microsoft.com,HH7jJGiA
Mckenzie,Bonilla,mckenzie.bonilla@gmail.com,sh-G9WtT
Jase,Smith,jase.smith@microsoft.com,mzQkO8F4
Mariana,Lara,mariana.lara@microsoft.com,LgMfWA3X
Kareem,Bowers,kareem.bowers@yahoo.com,ON5WWrDZ
Omari,Holloway,omari.holloway@microsoft.com,TcwIuH4.
Ayana,Jackson,ayana.jackson@yahoo.com,5OpXUeDW
Ronin,Oconnor,ronin.oconnor@gmail.com,FVg3wmnp
Celeste,Craig,celeste.craig@msn.com,giOM9_Tg
Yamilet,Choi,yamilet.choi@msn.com,FeV6stLG
Kaiden,Conner,kaiden.conner@msn.com,2LdlQDue
Killian,Mcgrath,killian.mcgrath@yahoo.com,ng8_THZW
Raymond,Johnson,raymond.johnson@msn.com,tr8N2p3g
Cecelia,Underwood,cecelia.underwood@msn.com,kdiyO7OU
Vanessa,Rosario,vanessa.rosario@yahoo.com,fyTHi4ml
Joyce,Copeland,joyce.copeland@microsoft.com,atZ-CpIf
Laney,Horn,laney.horn@yahoo.com,4XdaiB38
Antonio,Lutz,antonio.lutz@msn.com,E.O.BkNm
Reuben,Fry,reuben.fry@microsoft.com,yq8ywp4b
Judah,Wolfe,judah.wolfe@gmail.com,HtQF_TLC
Sasha,Sosa,sasha.sosa@yahoo.com,JTwmAFVE
Micheal,Quinn,micheal.quinn@yahoo.com,--tQBwAM
Mya,Norris,mya.norris@msn.com,xOIQhtTu
Kelsie,Cummings,kelsie.cummings@msn.com,zTGKd66c
Roderick,Sutton,roderick.sutton@microsoft.com,k4eZb287
Madalyn,Zimmerman,madalyn.zimmerman@yahoo.com,vqjbGia4
Henry,Gentry,henry.gentry@gmail.com,wjLlUPRN
Declan,Wall,declan.wall@gmail.com,2oSXBGXF
Paloma,Beltran,paloma.beltran@msn.com,3nxMxfFi
Melanie,Merritt,melanie.merritt@msn.com,zKuU57hy
Broderick,Miles,broderick.miles@microsoft.com,M0l9RPCr
Kaylen,Rubio,kaylen.rubio@yahoo.com,phGPddAz
America,Frey,america.frey@microsoft.com,qP46-1CG
Abbie,Strong,abbie.strong@msn.com,PbuivdOx
Leticia,Davenport,leticia.davenport@msn.com,AF3M54b9
Anna,Romero,anna.romero@microsoft.com,_kV8ynYA
Alexandria,Watts,alexandria.watts@yahoo.com,97y6YIP_
Nicolas,Manning,nicolas.manning@yahoo.com,DXZ7MVbb
Lara,Knapp,lara.knapp@msn.com,iwGpIWNg
Zackary,Blair,zackary.blair@yahoo.com,O-cBLgh5
Lyric,Blackburn,lyric.blackburn@microsoft.com,iG1bilhg
Julie,Owens,julie.owens@yahoo.com,6X8v7__3
Ingrid,Medina,ingrid.medina@yahoo.com,Br5xJm8m
Kate,Washington,kate.washington@msn.com,bUFxkfQk
Bryce,Mendoza,bryce.mendoza@msn.com,Qf2Kcs3k
Emmanuel,Joseph,emmanuel.joseph@yahoo.com,vCi0bRw4
Samuel,Wheeler,samuel.wheeler@gmail.com,p5nXCmYn
Arianna,Arellano,arianna.arellano@microsoft.com,KHU6FogL
Evie,Savage,evie.savage@gmail.com,_Jl2sMCS
Kade,Pope,kade.pope@gmail.com,qb2Y_5Rq
Zayne,Horton,zayne.horton@microsoft.com,nO3nmVdW
Cristian,Andrews,cristian.andrews@gmail.com,GdVAu1XN
Landyn,Payne,landyn.payne@gmail.com,34XbbI7a
Davon,Stuart,davon.stuart@msn.com,Lc8H3M2j
Dominique,Weeks,dominique.weeks@yahoo.com,vAwAzkhs
Kash,Randall,kash.randall@yahoo.com,MPTI4xeQ
Dana,Simon,dana.simon@yahoo.com,Xrwv1gv0
Bailey,Collier,bailey.collier@gmail.com,qoC9GeQm
Tyrone,Vega,tyrone.vega@yahoo.com,pwZ0-4yC
Jazmyn,Stone,jazmyn.stone@microsoft.com,orpL5JKM
Aidyn,Everett,aidyn.everett@msn.com,9VH1q0U.
Jacob,Neal,jacob.neal@yahoo.com,nAJYp7zk
Teagan,Chambers,teagan.chambers@msn.com,UNxEF8HP
Lena,Morrison,lena.morrison@microsoft.com,FELkPXdI
Alden,Bell,alden.bell@yahoo.com,CK-_eSpP
Linda,Jarvis,linda.jarvis@yahoo.com,BFN9qf79
Dominick,Hayden,dominick.hayden@yahoo.com,2Xenp4eD
Pierre,Krueger,pierre.krueger@msn.com,5EScfrNx
Nataly,Brown,nataly.brown@yahoo.com,quFYxtJm
Ashton,Johns,ashton.johns@msn.com,nJ7RS_J1
Elena,Holden,elena.holden@msn.com,_6592DS4
Lyric,Kennedy,lyric.kennedy@gmail.com,Vlh9RV_1
Slade,Gray,slade.gray@microsoft.com,BJo9lX0b
Douglas,Galloway,douglas.galloway@msn.com,zV_n6hDm
Lorenzo,Hanson,lorenzo.hanson@gmail.com,vt6Tnl.a
Abigail,Golden,abigail.golden@yahoo.com,Mox89j1a
Jaslyn,Warner,jaslyn.warner@microsoft.com,ue-K-CT9
Zoie,Mcneil,zoie.mcneil@yahoo.com,Maax5aBK
Selena,Weiss,selena.weiss@msn.com,Ywx7O4S_
Easton,Levy,easton.levy@gmail.com,kIAGBvBK
Danielle,Shaffer,danielle.shaffer@gmail.com,QCkiSpps
Rylan,Carson,rylan.carson@gmail.com,28KFhpfP
Tiara,Callahan,tiara.callahan@msn.com,zBNZlDAO
Amari,Mcpherson,amari.mcpherson@msn.com,UBTsLEJw
Rubi,Dickerson,rubi.dickerson@microsoft.com,ajozNAuC
Dane,Osborn,dane.osborn@yahoo.com,Is_-cgYR
Hassan,Harrison,hassan.harrison@microsoft.com,sOeEz3mF
Hayden,Dunn,hayden.dunn@yahoo.com,6azcn3Vm
Savanah,Farmer,savanah.farmer@yahoo.com,zO3Je0Ds
George,Lucero,george.lucero@gmail.com,cg2SFq.9
Kaleigh,Lucas,kaleigh.lucas@gmail.com,eIJN9Uk_
Jamar,Avila,jamar.avila@gmail.com,nce.CiMn
Charlee,Robles,charlee.robles@msn.com,kQbpd6.M
April,Thompson,april.thompson@msn.com,Xor-wpf.
Taylor,Huang,taylor.huang@microsoft.com,7a5LjSMr
Sullivan,Good,sullivan.good@microsoft.com,tSlkwSFO
Rex,Summers,rex.summers@microsoft.com,nCvAi16R
Lauren,Deleon,lauren.deleon@microsoft.com,z9o-eLcK
Piper,Mejia,piper.mejia@microsoft.com,fbxy49oN
Kamari,Huynh,kamari.huynh@yahoo.com,44sxcAP3
Serenity,Gonzalez,serenity.gonzalez@yahoo.com,qW_lMnjc
Keegan,Mcintyre,keegan.mcintyre@gmail.com,jLU-ze6.
Jason,Lloyd,jason.lloyd@microsoft.com,.SZH9hF2
Finley,Cherry,finley.cherry@gmail.com,uAJHZ98I
Luna,Jennings,luna.jennings@yahoo.com,1.sDoyBx
Jazmine,Ward,jazmine.ward@gmail.com,DPH-SyQt
Jessie,Reynolds,jessie.reynolds@msn.com,PIsya1Wc
Madison,Landry,madison.landry@yahoo.com,0ioSJkex
Janae,Ochoa,janae.ochoa@msn.com,oWU0g-Mz
Elizabeth,Stephenson,elizabeth.stephenson@yahoo.com,2TErwsoh
Micah,Adkins,micah.adkins@msn.com,5Py1g2PR
Meredith,Ayers,meredith.ayers@yahoo.com,aWs0PpCK
Makenzie,Butler,makenzie.butler@microsoft.com,C8MS0Hzt
Adalyn,Lawrence,adalyn.lawrence@yahoo.com,L6X3.ouR
Gordon,Gates,gordon.gates@msn.com,euKZjF5J
Aryan,Hess,aryan.hess@msn.com,1_mPMLCC
Graham,Preston,graham.preston@microsoft.com,GaP8.zNF
Rhianna,Caldwell,rhianna.caldwell@yahoo.com,TRdsDo0x
Elsie,Kaufman,elsie.kaufman@microsoft.com,lFzg0Q9t
Jaliyah,Bailey,jaliyah.bailey@yahoo.com,CvIoFVR9
Maximillian,Mills,maximillian.mills@yahoo.com,dXXGQmFd
Angel,Livingston,angel.livingston@msn.com,rxVP1h-V
Kyle,Krause,kyle.krause@msn.com,4ttALiy0
Marina,Cuevas,marina.cuevas@yahoo.com,Bh-buXpD
Melissa,Hendricks,melissa.hendricks@yahoo.com,leafM6gz
Brodie,Pierce,brodie.pierce@gmail.com,lWRPLDu.
Karter,Sullivan,karter.sullivan@gmail.com,0WzdLR.c
Jayce,Grant,jayce.grant@yahoo.com,LP0oRc5X
Raina,Vaughn,raina.vaughn@msn.com,XXBauLXh
Penelope,Wade,penelope.wade@microsoft.com,VprmeWK6
Rodolfo,Harding,rodolfo.harding@yahoo.com,HJV7uaS.
Celia,Powers,celia.powers@yahoo.com,3GBiemf.
Joy,Padilla,joy.padilla@msn.com,Sx4EnFru
Brent,Blackwell,brent.blackwell@yahoo.com,.EIs8xaJ
Kailyn,Aguilar,kailyn.aguilar@gmail.com,U.sHYkon
Brendon,Villegas,brendon.villegas@gmail.com,DUwvuMW6
Briley,Bender,briley.bender@microsoft.com,B_AmRA1w
Alejandro,Pugh,alejandro.pugh@gmail.com,4o_CZUnh
Alana,Mckay,alana.mckay@yahoo.com,qOyPFclF
Reilly,Maxwell,reilly.maxwell@msn.com,X24d-ImC
Yazmin,Vang,yazmin.vang@msn.com,qTr3GDJI
Camden,Williams,camden.williams@microsoft.com,HD9etjuM
Grace,Banks,grace.banks@gmail.com,h1bnhTOI
Nathalie,Zavala,nathalie.zavala@microsoft.com,ZrPgQWy4
Matteo,Dalton,matteo.dalton@yahoo.com,M6yuLdIs
Mary,Holt,mary.holt@microsoft.com,dX78JRTt
Arely,Wilcox,arely.wilcox@gmail.com,I3BV8eiv
Dalton,Morgan,dalton.morgan@yahoo.com,Ng8qB6_Q
Addison,Marsh,addison.marsh@microsoft.com,kB67a5hf
Madyson,English,madyson.english@gmail.com,gC4qg0MS
Valeria,Rivera,valeria.rivera@gmail.com,KmiqEszX
Jude,Torres,jude.torres@yahoo.com,CE9ybQEm
Elliott,Haas,elliott.haas@yahoo.com,feuDAhm3
Eliana,Weaver,eliana.weaver@yahoo.com,lNorEveI
Angelique,Frazier,angelique.frazier@microsoft.com,qPfm_5Ou
Jack,Alexander,jack.alexander@gmail.com,Q6mrh_qo
Branden,Bennett,branden.bennett@gmail.com,N-pTjbwG
Brice,Rice,brice.rice@microsoft.com,VWV1zOFP
Isis,Gordon,isis.gordon@microsoft.com,iDgTx7_F
Jaylen,Larsen,jaylen.larsen@gmail.com,Jo5myFsH
Marcel,Tucker,marcel.tucker@msn.com,6oVUHfk0
Maria,Moreno,maria.moreno@gmail.com,rrUuLn4G
Levi,Spence,levi.spence@microsoft.com,Uxtnjtnm
Maddison,Ali,maddison.ali@yahoo.com,A4-AfAJS
Edward,Rosales,edward.rosales@yahoo.com,lDozPhgQ
Xzavier,Huber,xzavier.huber@gmail.com,pju355wX
Mikaela,Taylor,mikaela.taylor@yahoo.com,QPJ0UzfZ
Bailee,Russo,bailee.russo@gmail.com,b639aeK_
Romeo,Ayala,romeo.ayala@yahoo.com,l1S4utIg
Laylah,Howe,laylah.howe@microsoft.com,bQW0uUrM
Richard,Porter,richard.porter@yahoo.com,.IYGALCB
Rigoberto,Khan,rigoberto.khan@gmail.com,WKBD67jc
Franklin,Huerta,franklin.huerta@msn.com,jm0vwIK4
Kristen,Day,kristen.day@msn.com,bCTcZYDJ
Corinne,Boyer,corinne.boyer@gmail.com,T6_tYmB7
Eden,Gallagher,eden.gallagher@yahoo.com,VcZQsVSl
Israel,Mahoney,israel.mahoney@gmail.com,R_jsgM9F
Kennedi,Cruz,kennedi.cruz@gmail.com,4gJhBDxt
Claudia,French,claudia.french@yahoo.com,rUBYkINR
Georgia,Blevins,georgia.blevins@msn.com,la3xmvd4
Nina,Ewing,nina.ewing@gmail.com,jUje2v_Z
Jonas,Crawford,jonas.crawford@msn.com,-QbPI7Rt
Deegan,Hooper,deegan.hooper@gmail.com,DXnfZxiD
Zaniyah,Swanson,zaniyah.swanson@msn.com,U7oh2d2.
Reina,Lawson,reina.lawson@yahoo.com,lnJbnxn6
Cedric,Goodman,cedric.goodman@microsoft.com,dp0YI00W
Julianne,Meza,julianne.meza@microsoft.com,z7ql5M7N
Hezekiah,White,hezekiah.white@microsoft.com,gFrhRt4Q
Isaias,Simmons,isaias.simmons@yahoo.com,bBBxyFw3
Dixie,Hanna,dixie.hanna@msn.com,-Tuve0Hk
Ignacio,Carlson,ignacio.carlson@msn.com,IYP2U-ZR
Viviana,Schneider,viviana.schneider@msn.com,iEsJn-BA
Trace,Irwin,trace.irwin@msn.com,dsPFV0Ct
Carly,Berg,carly.berg@msn.com,ROUZapJ1
Janiah,Strickland,janiah.strickland@yahoo.com,d0JK_yKz
Armani,Wong,armani.wong@gmail.com,5NdztH7M
Darwin,Moyer,darwin.moyer@gmail.com,ZUjfUGra
Jaylynn,Atkinson,jaylynn.atkinson@microsoft.com,5YoDcS3g
Kamron,Guerrero,kamron.guerrero@yahoo.com,eqE_zrcH
Gia,Sanford,gia.sanford@gmail.com,MTf6jxs_
Alicia,Rowland,alicia.rowland@yahoo.com,XITOpAUe
Natasha,Mitchell,natasha.mitchell@gmail.com,VpFeO_rA
Coleman,Bolton,coleman.bolton@microsoft.com,RgZX6._m
Ty,Mcintosh,ty.mcintosh@yahoo.com,dixu0p8x
Javion,Rodriguez,javion.rodriguez@gmail.com,VXIL0i8w
Clay,Hardin,clay.hardin@yahoo.com,wGJUmFMy
Marvin,Stout,marvin.stout@msn.com,M0LC04Ng
Renee,Martinez,renee.martinez@msn.com,TR8vAo0O
Armando,Stanley,armando.stanley@microsoft.com,mBYzbCK-
Jasper,Nichols,jasper.nichols@gmail.com,QaklSO3M
Cannon,Flores,cannon.flores@msn.com,U-x2KBfA
Everett,Murillo,everett.murillo@microsoft.com,ffbpQaWC
Juliana,Conley,juliana.conley@msn.com,pQHI8T1S
Brian,Cole,brian.cole@yahoo.com,HGS4zwEw
Mariyah,Ramos,mariyah.ramos@gmail.com,9MLdgnp9
Eli,Webster,eli.webster@gmail.com,.KhMhEW7
Ayden,Baker,ayden.baker@msn.com,9vgNMGjH
Tanya,Duran,tanya.duran@msn.com,9i4_V6JO
Alessandro,Meadows,alessandro.meadows@yahoo.com,m.zL7SA6
Cale,Mccullough,cale.mccullough@microsoft.com,1puxrMkC
Arnav,West,arnav.west@microsoft.com,lRNj8EVz
Shyanne,Hughes,shyanne.hughes@yahoo.com,y6JqY2qR
Jazlyn,Ashley,jazlyn.ashley@yahoo.com,9zy_x.ec
Derick,Mccarty,derick.mccarty@yahoo.com,7YrwCug5
Marlene,Gilmore,marlene.gilmore@msn.com,1aTHpKON
Amari,Stark,amari.stark@yahoo.com,Kt1Vmz9Y
Virginia,Ferguson,virginia.ferguson@yahoo.com,V_EXzdBq
Carleigh,Winters,carleigh.winters@microsoft.com,b5JW0YqV
Izayah,Kane,izayah.kane@msn.com,QoV3db7_
Jakayla,Flynn,jakayla.flynn@microsoft.com,IVoxS7wf
Kianna,Soto,kianna.soto@msn.com,zA9O9Gy2
Chaz,Henderson,chaz.henderson@msn.com,0Mq55-wc
Taryn,Gamble,taryn.gamble@microsoft.com,c5UvXMF5
Braden,Chan,braden.chan@gmail.com,YL5Qmndi
Marquise,Durham,marquise.durham@yahoo.com,ArpOt2y9
Jordin,Dean,jordin.dean@msn.com,z76qg_f.
Isabela,Oconnell,isabela.oconnell@yahoo.com,PBfe59y3
Sophia,Hester,sophia.hester@gmail.com,lP3LpKSH
Elianna,Galvan,elianna.galvan@gmail.com,eT2oxr5a
Annabel,Fowler,annabel.fowler@microsoft.com,zqUnGmF2
Simone,Monroe,simone.monroe@gmail.com,r00flCKE
Kristina,Combs,kristina.combs@microsoft.com,BkZKJNwj
Dayami,Nolan,dayami.nolan@gmail.com,SzwgGxVt
Sage,Carpenter,sage.carpenter@microsoft.com,7ReHg9td
Jermaine,Dodson,jermaine.dodson@microsoft.com,p8eU6cc7
Abraham,Mayo,abraham.mayo@gmail.com,QRP71Lck
Harper,Macdonald,harper.macdonald@microsoft.com,KDpe8nzB
Violet,Haynes,violet.haynes@msn.com,y65xc2ZC
Stanley,Reilly,stanley.reilly@microsoft.com,V.JlyGVq
Lindsey,Cabrera,lindsey.cabrera@gmail.com,VAmAe8Hs
Ashlynn,Bishop,ashlynn.bishop@gmail.com,-_n0NCkb
Terrance,Chase,terrance.chase@msn.com,H-FWvz9o
Kamden,York,kamden.york@gmail.com,iXU9yo2d
Walker,Chapman,walker.chapman@msn.com,u1_2s_z0
Jameson,Rogers,jameson.rogers@microsoft.com,18JV3Qtv
Dereon,Sanchez,dereon.sanchez@msn.com,VGgtZDaM
Keely,Benjamin,keely.benjamin@gmail.com,njlLkqcu
Ahmad,Kaiser,ahmad.kaiser@yahoo.com,5oA0o4hl
Myles,Thornton,myles.thornton@yahoo.com,zrBr2CY8
Ahmed,Dyer,ahmed.dyer@yahoo.com,BoFAKs6q
Genesis,Wilson,genesis.wilson@microsoft.com,.qU264e-
Darryl,Williamson,darryl.williamson@yahoo.com,NkgegU8_
Laura,Austin,laura.austin@yahoo.com,MkXM4I-w
Moshe,Le,moshe.le@yahoo.com,hx-jjfUs
Noel,Eaton,noel.eaton@gmail.com,y0rVvtYP
Hailee,Woodard,hailee.woodard@microsoft.com,Q22lS3hu
Phoenix,Cervantes,phoenix.cervantes@gmail.com,i9NKRucg
Reece,Walters,reece.walters@microsoft.com,lRy.uH50
Rylee,Bridges,rylee.bridges@gmail.com,oS6T6iRa
Kadyn,Morton,kadyn.morton@yahoo.com,FxQYUxIE
Emery,Stein,emery.stein@microsoft.com,84KJSXu1
Lia,Suarez,lia.suarez@microsoft.com,ys_FmJ_e
Jaron,Arroyo,jaron.arroyo@gmail.com,L44M6itC
Jaylen,Lin,jaylen.lin@msn.com,lPOdRLmR
Valentin,Arias,valentin.arias@yahoo.com,Ukyy8rzE
Jaylon,Saunders,jaylon.saunders@gmail.com,nmrLc1sC
Cassidy,Moody,cassidy.moody@yahoo.com,fuM2maSN
Kayleigh,Mullen,kayleigh.mullen@microsoft.com,FzKHqIRR
Trey,Compton,trey.compton@microsoft.com,hUCbPIyw
Mylee,Solomon,mylee.solomon@yahoo.com,OVDD8aKU
Marques,Paul,marques.paul@yahoo.com,ECQ4N1Ga
Bradley,Valentine,bradley.valentine@microsoft.com,.icw11Se
Johnathon,Steele,johnathon.steele@msn.com,J.4-ejwY
Quintin,Mcmahon,quintin.mcmahon@gmail.com,diHft3MV
Odin,Nash,odin.nash@microsoft.com,1Dn6QTHA
Maeve,Jimenez,maeve.jimenez@yahoo.com,m8CbtL03
Arielle,Harris,arielle.harris@msn.com,hXCSP-uc
Yahir,Jensen,yahir.jensen@microsoft.com,RlL7pKfd
Keagan,Doyle,keagan.doyle@msn.com,-9jAr39Y
Keyla,Walsh,keyla.walsh@gmail.com,oF3G2K3I
Hector,Ramirez,hector.ramirez@yahoo.com,oRGplKqF
Selah,Pearson,selah.pearson@microsoft.com,uC9gnpoH
Kayley,Hodges,kayley.hodges@microsoft.com,6ce0otuW
Lily,Orr,lily.orr@msn.com,6W2xju5d
Marlee,Matthews,marlee.matthews@msn.com,d9JvoPWM
Titus,Forbes,titus.forbes@msn.com,ebdP_Elc
Billy,Green,billy.green@microsoft.com,LLIFD_W.
Hanna,Woodward,hanna.woodward@microsoft.com,PrSR52iW
Katie,Barker,katie.barker@microsoft.com,2he3dM1n
Kiara,Santana,kiara.santana@yahoo.com,TykumgS.
Elisha,Mcconnell,elisha.mcconnell@microsoft.com,3qUe1XdT
Camron,Davies,camron.davies@msn.com,jZ2UHEc9
Teagan,Farley,teagan.farley@microsoft.com,eBz03c07
Alfonso,Bruce,alfonso.bruce@gmail.com,bYA3QjZX
Avery,Salinas,avery.salinas@gmail.com,xM1lM_nF
Jamie,Carey,jamie.carey@gmail.com,l0Zb9FtL
Jane,Rush,jane.rush@microsoft.com,dMNvw9RR
Kristopher,Barr,kristopher.barr@yahoo.com,.T993WnW
Johanna,Schmidt,johanna.schmidt@microsoft.com,MeVmT.2s
Phillip,Daniel,phillip.daniel@microsoft.com,5tbSl7pe
Sincere,Whitney,sincere.whitney@msn.com,E06BLhGl
Angelica,Weber,angelica.weber@microsoft.com,QzClvMZN
Lisa,Bradley,lisa.bradley@msn.com,2onqwwPD
Amiya,Moss,amiya.moss@yahoo.com,v6FqhAYo
Eden,Myers,eden.myers@yahoo.com,.InUkzdV
Memphis,Skinner,memphis.skinner@msn.com,zxiUGTO_
Dahlia,Terry,dahlia.terry@msn.com,1jZ0kbmj
Arjun,Hammond,arjun.hammond@msn.com,eaHWH2oh
Karlie,Shelton,karlie.shelton@microsoft.com,x8VGO-0k
Nia,Hampton,nia.hampton@msn.com,0y36A4hx
Sara,Roberson,sara.roberson@msn.com,v30PXS4z
Larry,Dougherty,larry.dougherty@gmail.com,4U2m3Ta3
Dennis,Anthony,dennis.anthony@gmail.com,_8Zn64WB
Moses,Montgomery,moses.montgomery@microsoft.com,MPb5wgdE
Jaxon,Hodge,jaxon.hodge@microsoft.com,K6EDBgso
Cailyn,Hoover,cailyn.hoover@msn.com,6.hQh-OK
Ariana,Hunter,ariana.hunter@microsoft.com,eM0QENN2
Kailey,Liu,kailey.liu@gmail.com,ErSKBfnZ
Brenna,Daniels,brenna.daniels@msn.com,EdxMNQDT
Shawn,Barber,shawn.barber@microsoft.com,2H7uUUcX
Todd,Erickson,todd.erickson@yahoo.com,4Gbt2fsZ
Jairo,Mathews,jairo.mathews@yahoo.com,ZJQHLNyy
Braylon,Waller,braylon.waller@msn.com,suukF.19
Lea,Hendrix,lea.hendrix@msn.com,vLOb9V0n
Hana,Marks,hana.marks@microsoft.com,kia_95sb
Ariel,Roy,ariel.roy@yahoo.com,yggniMJu
Annabelle,Bernard,annabelle.bernard@yahoo.com,e1QTTqxU
Madisyn,Hopkins,madisyn.hopkins@yahoo.com,aP-yoNKH
Dominic,Franklin,dominic.franklin@gmail.com,4QZOiJJ9
Chase,Jacobson,chase.jacobson@microsoft.com,QIIqO7Vp
Aleena,Singh,aleena.singh@yahoo.com,lxsENUWj
Madelynn,Berry,madelynn.berry@microsoft.com,tT6nIjoP
Angelina,Allison,angelina.allison@gmail.com,s5l9Dn86
Ashley,Snow,ashley.snow@gmail.com,h6lhLGtK
Louis,Trevino,louis.trevino@msn.com,0UI4RrzE
Nick,Lane,nick.lane@yahoo.com,Sf5RzBtm
Toby,Coleman,toby.coleman@yahoo.com,x9DMY6DI
Kylie,Colon,kylie.colon@microsoft.com,OV173tPz
Rowan,Clark,rowan.clark@gmail.com,G.Mlwmnb
Zaid,Garrett,zaid.garrett@microsoft.com,kUHMjqiY
Jaxson,Fuller,jaxson.fuller@gmail.com,9U3EgzUo
Willow,Herring,willow.herring@microsoft.com,DNuw1bqF
Izaiah,Duncan,izaiah.duncan@gmail.com,sRg9t8qY
Devyn,Lamb,devyn.lamb@msn.com,LoYGl815
Trenton,Tapia,trenton.tapia@microsoft.com,yXYnr2X7
Rodrigo,Macias,rodrigo.macias@yahoo.com,tIQ15lxr
Jaelyn,Hartman,jaelyn.hartman@microsoft.com,tp.Q5D74
Kaylee,Patel,kaylee.patel@microsoft.com,uB8c.M4z
Alexis,Valdez,alexis.valdez@yahoo.com,FnYUe4hc
Charlize,Dunlap,charlize.dunlap@microsoft.com,3fehIM5j
Callum,Stephens,callum.stephens@yahoo.com,53BzlZIq
Triston,Vance,triston.vance@microsoft.com,n6skPh0.
Colt,Holder,colt.holder@msn.com,457DYV_L
Rosemary,Hunt,rosemary.hunt@yahoo.com,CqIQcM6r
Jayda,Simpson,jayda.simpson@gmail.com,UIDvOyPp
Tiffany,Gonzales,tiffany.gonzales@yahoo.com,CoQW3I84
Jaiden,Chandler,jaiden.chandler@yahoo.com,QRxfjJEn
Leia,Hutchinson,leia.hutchinson@yahoo.com,ae7960LQ
Bryant,Sharp,bryant.sharp@msn.com,bYgxM.5X
Kamari,Herrera,kamari.herrera@msn.com,Y3tJsp6J
Allyson,Riggs,allyson.riggs@yahoo.com,n8zlEVvX
Travis,Oneill,travis.oneill@gmail.com,csmOoa0l
Jose,Ortiz,jose.ortiz@microsoft.com,WdbRHaGB
Saige,Bradshaw,saige.bradshaw@msn.com,XMmR-L1-
Malcolm,Rangel,malcolm.rangel@microsoft.com,CAfXoSR1
Devon,Warren,devon.warren@gmail.com,_P7v87yp
Addyson,Montoya,addyson.montoya@msn.com,LwklyGwC
Ean,Chang,ean.chang@yahoo.com,q57NROit
Lilliana,Marshall,lilliana.marshall@gmail.com,l_uGO90z
Evangeline,Stafford,evangeline.stafford@yahoo.com,owS8.G91
Cheyanne,Dickson,cheyanne.dickson@microsoft.com,alTO_tJ4
Nancy,Carter,nancy.carter@gmail.com,ehphZDBG
Scott,Morse,scott.morse@msn.com,UMWWlPSd
Kolton,Lynch,kolton.lynch@gmail.com,4GhKMOpR
Leila,Faulkner,leila.faulkner@gmail.com,MFTWBOqd
Catherine,Hayes,catherine.hayes@msn.com,p.ppxHtS
Brooke,Reyes,brooke.reyes@gmail.com,Vj2MgLm5
Evelyn,Santos,evelyn.santos@gmail.com,Ygzm.NzC
Javier,Harvey,javier.harvey@microsoft.com,UPvOjWGc
Camille,Shepard,camille.shepard@gmail.com,T9YTMVwt
Jarrett,Mclaughlin,jarrett.mclaughlin@gmail.com,sY_EZUzy
Jasmin,Mcclure,jasmin.mcclure@msn.com,nkxE2UUp
Jadyn,Cardenas,jadyn.cardenas@gmail.com,dFca8yfs
Conrad,Hamilton,conrad.hamilton@yahoo.com,B0DM0J-p
Justin,Kemp,justin.kemp@gmail.com,WMJD6HVr
Walter,Powell,walter.powell@msn.com,Z9g2ltDh
Ireland,Patterson,ireland.patterson@msn.com,Jzhnlnox
Zander,Todd,zander.todd@yahoo.com,5ju74Jbl
Jayvon,Schaefer,jayvon.schaefer@msn.com,SHfVRnq.
Curtis,Briggs,curtis.briggs@microsoft.com,iaRsE7ZE
Josephine,Mendez,josephine.mendez@microsoft.com,_X.1i_lM
Natalie,Cooke,natalie.cooke@msn.com,e6SOiwFc
Jacey,Garcia,jacey.garcia@msn.com,f-sxK4Mn
Adelaide,Snyder,adelaide.snyder@microsoft.com,h9fEHmG5
Brycen,Velez,brycen.velez@microsoft.com,JKXDacyr
Rebekah,Love,rebekah.love@microsoft.com,o-y-oG-u
Journey,Mcdaniel,journey.mcdaniel@gmail.com,Qd2tcpqI
Athena,Villarreal,athena.villarreal@msn.com,m86yW8Dh
German,Byrd,german.byrd@msn.com,HyGY.glb
Ella,Duarte,ella.duarte@microsoft.com,3llFdpK3
Dylan,Dorsey,dylan.dorsey@gmail.com,ekrbj0y3
Scarlet,Blankenship,scarlet.blankenship@yahoo.com,PCWzslb4
Greyson,Hill,greyson.hill@yahoo.com,.8m7m_Gn
Jax,Guzman,jax.guzman@yahoo.com,KaDFOepN
Carter,Avery,carter.avery@msn.com,Xe5x4jhO
Kaylie,Mooney,kaylie.mooney@msn.com,0MHyHb.p
Hayley,Richardson,hayley.richardson@yahoo.com,5LoYxAtz
Cora,David,cora.david@yahoo.com,R6FbhpnQ
Porter,Rowe,porter.rowe@yahoo.com,fkr_WZk-
Courtney,Terrell,courtney.terrell@gmail.com,5DsV2uZ.
Carmelo,Leon,carmelo.leon@microsoft.com,-5tWWhsg
Hailey,Coffey,hailey.coffey@microsoft.com,cHjwOXYY
Cecilia,Curry,cecilia.curry@yahoo.com,aCVd5Obc
Tyrese,Parks,tyrese.parks@msn.com,ayoU4KhO
Leonard,Cunningham,leonard.cunningham@msn.com,imK5aomD
Ellen,Carr,ellen.carr@microsoft.com,0FjSiicK
Audrey,Mueller,audrey.mueller@microsoft.com,Od_sDqzv
Martin,Morris,martin.morris@gmail.com,9FB9UpbI
Nyla,Bartlett,nyla.bartlett@msn.com,92ZnVWbv
Moises,May,moises.may@yahoo.com,hf70Tlla
Adrien,Reese,adrien.reese@msn.com,jK63Ryo-
Dean,Huffman,dean.huffman@microsoft.com,X36vDoRN
Lewis,Barnes,lewis.barnes@gmail.com,r2o8eHQk
Bradyn,Carrillo,bradyn.carrillo@yahoo.com,xHolGMx6
Presley,Roberts,presley.roberts@gmail.com,AqJSewNv
Anabella,Beck,anabella.beck@microsoft.com,YbepsSL9
Ezra,Thomas,ezra.thomas@msn.com,IVeAFlIR
Baylee,Ellis,baylee.ellis@msn.com,erJdzs7K
Pedro,Haney,pedro.haney@gmail.com,runY7Ydk
Jair,Christian,jair.christian@microsoft.com,2.Gx3zCL
Elisa,Diaz,elisa.diaz@msn.com,fcfm9vPv
Paul,Graves,paul.graves@gmail.com,2BcvjjrU
Elijah,Friedman,elijah.friedman@gmail.com,G9Anv.K6
Lindsay,Fisher,lindsay.fisher@gmail.com,0e5bG7e-
Jaydon,Clayton,jaydon.clayton@microsoft.com,sRdToOn7
Marcus,Burgess,marcus.burgess@yahoo.com,2c5OLRsm
Shea,Goodwin,shea.goodwin@msn.com,i217ibQU
Kyla,Small,kyla.small@gmail.com,UcPv6mnF
Anderson,Gay,anderson.gay@gmail.com,78UOJqqR
Julio,Richard,julio.richard@yahoo.com,o.vA-6Uv
Jadiel,Campbell,jadiel.campbell@msn.com,OFTTcTHy
Kobe,Zuniga,kobe.zuniga@microsoft.com,6DLJ3lph
Alfred,Barrett,alfred.barrett@microsoft.com,SSDPFiAJ
Sadie,Branch,sadie.branch@gmail.com,8s8moVf.
Haiden,Vazquez,haiden.vazquez@microsoft.com,olGDim4.
Junior,Flowers,junior.flowers@microsoft.com,lIbHbdrJ
Wade,Cameron,wade.cameron@gmail.com,BXp4k1dd
Ivan,Hudson,ivan.hudson@yahoo.com,d15g_-xM
Damien,Riley,damien.riley@gmail.com,5Y7D0RIq
Jocelynn,Madden,jocelynn.madden@msn.com,fMWoYxZH
Jaylyn,Woods,jaylyn.woods@microsoft.com,IStv0UmL
Alannah,Nielsen,alannah.nielsen@msn.com,ElkeE9cr
Alyson,Pruitt,alyson.pruitt@gmail.com,tZ-OuRW0
Denisse,Juarez,denisse.juarez@gmail.com,x1vHvH1j
Caitlin,Murphy,caitlin.murphy@microsoft.com,W9N..T-q
Brady,Bowen,brady.bowen@msn.com,ZNE.YCCm
Giancarlo,Jenkins,giancarlo.jenkins@gmail.com,EmEqdSEm
Fatima,Sherman,fatima.sherman@yahoo.com,oXnqPxHg
Jazmin,Burke,jazmin.burke@microsoft.com,34VhKCR7
Lucia,Mosley,lucia.mosley@gmail.com,ewjTfAG0
Tabitha,Walker,tabitha.walker@msn.com,xdmKcL-o
Leonidas,Best,leonidas.best@gmail.com,PyL0J0c7
Jaime,Robbins,jaime.robbins@gmail.com,kX2ABlj-
Peyton,Watson,peyton.watson@gmail.com,XPtgcUKk
Beau,Osborne,beau.osborne@gmail.com,vsnMRkbN
Caroline,Young,caroline.young@gmail.com,nN9bHivM
Eva,Hawkins,eva.hawkins@gmail.com,owLP1djA
Donte,Park,donte.park@gmail.com,Co3N7oKS
Laurel,Benitez,laurel.benitez@gmail.com,OV0DUhS_
Jerimiah,Hahn,jerimiah.hahn@gmail.com,adOyJjuC
Glenn,Alvarado,glenn.alvarado@gmail.com,payKwaTr
Sarahi,Gallegos,sarahi.gallegos@yahoo.com,Nv58dShi
Aylin,Harper,aylin.harper@yahoo.com,jgQ3yWnL
Salma,Poole,salma.poole@msn.com,nFNTP28J
Marley,Navarro,marley.navarro@msn.com,gyCtSRMs
Cassandra,Dixon,cassandra.dixon@yahoo.com,ggDamvwX
Hamza,Bryan,hamza.bryan@microsoft.com,.D0WbXi1
Preston,Valenzuela,preston.valenzuela@microsoft.com,pvGKqCZb
Hadley,Noble,hadley.noble@microsoft.com,aBBzEyVe
India,Walls,india.walls@yahoo.com,oXuKquVu
Julissa,Vargas,julissa.vargas@yahoo.com,VVfjsEcU
Alijah,Morales,alijah.morales@microsoft.com,ZXtowWbI
Madilyn,Kelly,madilyn.kelly@microsoft.com,t0zWjnq9
Harper,Waters,harper.waters@microsoft.com,1NN6VBT_
Emmett,Ellison,emmett.ellison@gmail.com,1Ws3-k-3
Alvaro,Church,alvaro.church@msn.com,Z7EVDLIw
Rylee,Mcmillan,rylee.mcmillan@msn.com,e2cMv-Vb
Xavier,Moses,xavier.moses@gmail.com,nX30vHY4
Drew,Leach,drew.leach@msn.com,83hUmcDZ
Esmeralda,Hernandez,esmeralda.hernandez@gmail.com,-E2EGYCV
Dominik,Shields,dominik.shields@yahoo.com,yhWc5PVK
Kyra,Esparza,kyra.esparza@yahoo.com,86VwCd0u
Jennifer,Ray,jennifer.ray@gmail.com,Buosr5u-
Mauricio,Bryant,mauricio.bryant@gmail.com,6tYkPkaL
Lucian,Martin,lucian.martin@gmail.com,pZZbu63t
Kenyon,Yates,kenyon.yates@msn.com,wZtwVgjJ
Ethan,Parrish,ethan.parrish@yahoo.com,X6etjggM
Gary,Castro,gary.castro@yahoo.com,3nGlevtp
Shelby,Hatfield,shelby.hatfield@gmail.com,c9IiKCRf
Cherish,Kline,cherish.kline@microsoft.com,X9oSFe_U
Braxton,Ramsey,braxton.ramsey@msn.com,wEb5RJRr
Makenna,Sanders,makenna.sanders@microsoft.com,ZQAhekT2
Tristan,Brock,tristan.brock@gmail.com,po.tcO7M
Nash,Chen,nash.chen@msn.com,3vzL.c1t
Payton,King,payton.king@gmail.com,N7rbtTn_
Marco,Bright,marco.bright@msn.com,y1uTc-sc
Maleah,Dennis,maleah.dennis@msn.com,alHH3GOx
Alisson,Pitts,alisson.pitts@yahoo.com,kryBWs6F
Bailey,Griffith,bailey.griffith@msn.com,l8wzdLx3
Nyasia,Rose,nyasia.rose@microsoft.com,VegbEyCz
Mckayla,Foster,mckayla.foster@microsoft.com,jwmsUD_i
Skye,Roth,skye.roth@gmail.com,UrYCLgYg
Mathias,Fritz,mathias.fritz@msn.com,W-vjBOdm
Kaylyn,Knox,kaylyn.knox@msn.com,6DRwIm5S
Katrina,Pacheco,katrina.pacheco@microsoft.com,PFXe_v0i
Xander,Nicholson,xander.nicholson@msn.com,Rm8JkAJU
Magdalena,Robertson,magdalena.robertson@gmail.com,F1ObsuYE
Nora,Stewart,nora.stewart@msn.com,zGjlLVQt
John,Cohen,john.cohen@microsoft.com,Ktz_o0t.
Serena,James,serena.james@msn.com,cOP3PdqM
Randall,Barry,randall.barry@microsoft.com,PYIUsKwW
Ximena,Gill,ximena.gill@yahoo.com,KEh5diUF
Layne,Olson,layne.olson@msn.com,lLtRNq-p
Monica,Estrada,monica.estrada@yahoo.com,Jj4KdAH9
Samson,Frank,samson.frank@msn.com,2Z531Zfh
Mattie,Travis,mattie.travis@msn.com,LbJ1hkxw
Kyson,Reid,kyson.reid@microsoft.com,OE0NFcxK
Aliyah,Rasmussen,aliyah.rasmussen@microsoft.com,SZx0Mg6.
Karen,Acevedo,karen.acevedo@yahoo.com,ZY0eJe0j
Rory,Rocha,rory.rocha@yahoo.com,5e6eRIbh
Mariela,Klein,mariela.klein@msn.com,leCzmGN3
Elisabeth,Johnston,elisabeth.johnston@gmail.com,U3yIynkO
Royce,Townsend,royce.townsend@msn.com,IE24qosU
Mekhi,Hoffman,mekhi.hoffman@microsoft.com,1mbXit9z
Maia,Petty,maia.petty@msn.com,-N9d0Ydc
Frederick,Garrison,frederick.garrison@yahoo.com,.qy3wq7U
Josiah,Ballard,josiah.ballard@microsoft.com,1RkWZXHs
Tamia,Wiggins,tamia.wiggins@yahoo.com,_oEVbXzj
Kendall,Mays,kendall.mays@yahoo.com,pEsgiDS-
Orion,Chung,orion.chung@yahoo.com,4l6IZ7s2
Gabriela,Evans,gabriela.evans@gmail.com,kVu_GNFs
Mariah,Benton,mariah.benton@msn.com,1gKkmD3m
Evan,Mclean,evan.mclean@msn.com,8Cx9mFa6
Carmen,Hinton,carmen.hinton@microsoft.com,MtdD3Zn2
August,Chaney,august.chaney@msn.com,MnFskT4G
Dakota,Garza,dakota.garza@yahoo.com,cbrwvDeh
Frances,Gomez,frances.gomez@gmail.com,X_3xi_8H
Jayden,Li,jayden.li@gmail.com,f8aeTEi8
Emelia,Olsen,emelia.olsen@gmail.com,ra2ek3sB
Miranda,Case,miranda.case@msn.com,8P0JeECT
Ruth,Key,ruth.key@microsoft.com,.72Kwic2
David,Keller,david.keller@gmail.com,417.IZeL
Essence,Wilkins,essence.wilkins@microsoft.com,PandYOkC
Jackson,Duke,jackson.duke@yahoo.com,TDh9UOIM
Frida,Daugherty,frida.daugherty@gmail.com,K58OQWaJ
Alexa,Shah,alexa.shah@gmail.com,0cCChSE2
Kendal,Velasquez,kendal.velasquez@gmail.com,G-C8mYrq
Mara,Frye,mara.frye@msn.com,IopG2yK_
Ray,Ryan,ray.ryan@msn.com,rLpCbbFh
Emiliano,Hickman,emiliano.hickman@msn.com,zOqNNpqH
Cohen,Molina,cohen.molina@msn.com,-rbxZ4Sq
Derrick,Proctor,derrick.proctor@yahoo.com,tPCMWJOI
Savanna,Booth,savanna.booth@yahoo.com,HSFxL0zF
Amara,Barnett,amara.barnett@msn.com,mc4WgFdt
Abdullah,Humphrey,abdullah.humphrey@msn.com,MlQMdOEX
Agustin,Cox,agustin.cox@microsoft.com,6t6sCIbV
Aisha,Horne,aisha.horne@msn.com,hO1jiSTg
Patience,Nelson,patience.nelson@gmail.com,R2fVb3Dv
Erica,Orozco,erica.orozco@msn.com,_kfsMA.i
Alexus,Melendez,alexus.melendez@gmail.com,4JO.kAZm
Stephen,Baxter,stephen.baxter@msn.com,IvA3So_1
Ryker,Mcgee,ryker.mcgee@yahoo.com,Jt1_NZ9E
Zion,Pittman,zion.pittman@gmail.com,CPV44ct.
Alison,Fernandez,alison.fernandez@microsoft.com,5dvU2HOw
Conner,Peck,conner.peck@microsoft.com,_s5H8ptK
Elaine,Jordan,elaine.jordan@yahoo.com,FC.aSOFk
Vicente,Schmitt,vicente.schmitt@yahoo.com,Tm-CAmU6
Julien,Hart,julien.hart@yahoo.com,NnG6J1I4
Ezekiel,Baldwin,ezekiel.baldwin@gmail.com,SPCttVfv
Alissa,Joyce,alissa.joyce@msn.com,oSfQko1G
Damian,Melton,damian.melton@yahoo.com,jPEegF3J
Geovanni,Carney,geovanni.carney@msn.com,uDoj.RhL
Hazel,Bray,hazel.bray@msn.com,BbABJPNS
Lillian,Holmes,lillian.holmes@gmail.com,moOYIfG0
Keira,Sandoval,keira.sandoval@yahoo.com,y3iPR8aH
Joey,Dillon,joey.dillon@gmail.com,Zmoy5NtA
Dayana,Booker,dayana.booker@yahoo.com,IQyudB65
Janessa,George,janessa.george@yahoo.com,raN1111-
Haley,Sampson,haley.sampson@msn.com,ILob46Qi
River,Kerr,river.kerr@gmail.com,yJGd3Mh-
Desirae,Richards,desirae.richards@microsoft.com,Is6LemnG
Nadia,Mcguire,nadia.mcguire@gmail.com,LVtS338_
Dakota,Gardner,dakota.gardner@gmail.com,jlC0qZuP
Malik,Beard,malik.beard@msn.com,g5gLWYEW
Sophie,Kidd,sophie.kidd@gmail.com,hI9twtAE
Gisselle,Lopez,gisselle.lopez@yahoo.com,b-JdLz3B
Alexander,Hale,alexander.hale@microsoft.com,tKLq-gy8
Maliyah,Salazar,maliyah.salazar@yahoo.com,UfBBPI-A
Jaida,Higgins,jaida.higgins@yahoo.com,BtPIvf94
Nathaniel,Hobbs,nathaniel.hobbs@yahoo.com,DPZEIBO6
Jaeden,Stevens,jaeden.stevens@msn.com,EKCePCPC
Crystal,Hicks,crystal.hicks@gmail.com,Bc.8haNX
Isiah,Riddle,isiah.riddle@microsoft.com,E2L2Ag1-
Destinee,Jefferson,destinee.jefferson@microsoft.com,6Hwc5wRO
Destiney,Bentley,destiney.bentley@gmail.com,wRq5-9x7
Asher,Chavez,asher.chavez@gmail.com,6jYiIQyB
Dayton,Schultz,dayton.schultz@microsoft.com,HmzeQ5lM
Thaddeus,Pennington,thaddeus.pennington@msn.com,1AHLpyck
Johnathan,Gregory,johnathan.gregory@yahoo.com,YhcF5PaA
Seamus,Alvarez,seamus.alvarez@gmail.com,NmC_OXQr
Colton,Crane,colton.crane@microsoft.com,qlzThlbU
Melany,Cortez,melany.cortez@gmail.com,W9ivRvEo
Simon,Werner,simon.werner@gmail.com,q_NQk3AH
Jovanni,Holland,jovanni.holland@yahoo.com,.ZIWmNu6
Leland,Mckenzie,leland.mckenzie@msn.com,unxjNfc9
